"0",""
"0","rm(list=ls())"
"0",""
"0","library(dplyr)"
"0","library(ggplot2)"
"0","library(gridExtra) # for plotting"
"0","library(ggpubr)"
"0","library(reshape2)"
"0",""
"0","source(""simulation_functions/simulate_RW_instr.R"")"
"0","source(""simulation_functions/simulate_RW_instr.R"")"
"0","source(""likelihood_functions/likelihood_RW_instr.R"")"
"0","source(""likelihood_functions/likelihood_WSLS.R"")"
"0","source(""likelihood_functions/likelihood_RW_instr_greedy.R"")"
"0",""
"0","source(""helper_functions/greedy.R"")"
"0","source(""helper_functions/fit_model.R"")"
"0","source(""helper_functions/softmax.R"")"
"0","source(""helper_functions/chooseBinomial.R"")"
"0","source(""helper_functions/BICcompute.R"")"
"0","source(""helper_functions/softmax.R"")"
"0",""
