{"chunk_definitions":[{"row":23,"row_count":1,"visible":true,"expansion_state":0,"options":{"engine":"r","warning":false,"results":"hide","message":false,"label":"unnamed-chunk-1"},"document_id":"23966B23","chunk_id":"c16od6178q8go","chunk_label":"unnamed-chunk-1"},{"row":47,"row_count":1,"visible":true,"expansion_state":0,"options":{"engine":"r","echo":true,"warning":false,"label":"unnamed-chunk-2"},"document_id":"23966B23","chunk_id":"cywmu2qqrlezh","chunk_label":"unnamed-chunk-2"}],"doc_write_time":1653982119,"chunk_rendered_width":700}