{"chunk_definitions":[{"row":25,"row_count":1,"visible":true,"expansion_state":0,"options":{"engine":"r","warning":false,"results":"hide","message":false,"label":"unnamed-chunk-5"},"document_id":"EB74B916","chunk_id":"cc28efg3cfoyh","chunk_label":"unnamed-chunk-1"},{"row":38,"row_count":1,"visible":true,"expansion_state":0,"options":{"engine":"r","label":"unnamed-chunk-6"},"document_id":"EB74B916","chunk_id":"czovgdt3o9o7r","chunk_label":"unnamed-chunk-2"},{"row":56,"row_count":1,"visible":true,"expansion_state":0,"options":{"engine":"r","label":"unnamed-chunk-7"},"document_id":"EB74B916","chunk_id":"cxxp7zr1uqa4w","chunk_label":"unnamed-chunk-3"},{"row":106,"row_count":1,"visible":true,"expansion_state":0,"options":{"engine":"r","label":"unnamed-chunk-11"},"document_id":"EB74B916","chunk_id":"cbw72gbl4jdqm","chunk_label":"unnamed-chunk-4"},{"row":250,"row_count":1,"visible":true,"expansion_state":0,"options":{"engine":"r","label":"unnamed-chunk-12"},"document_id":"EB74B916","chunk_id":"cuzolucjdrs2c","chunk_label":"unnamed-chunk-7"},{"row":290,"row_count":1,"visible":true,"expansion_state":0,"options":{"engine":"r","label":"unnamed-chunk-13"},"document_id":"EB74B916","chunk_id":"crv5mxz7yblha","chunk_label":"unnamed-chunk-8"},{"row":295,"row_count":1,"visible":true,"expansion_state":0,"options":{"engine":"r","label":"unnamed-chunk-15"},"document_id":"EB74B916","chunk_id":"c3oklptgnheiz","chunk_label":"unnamed-chunk-9"},{"row":345,"row_count":1,"visible":true,"expansion_state":0,"options":{"engine":"r","label":"unnamed-chunk-16"},"document_id":"EB74B916","chunk_id":"c08o3j368n0zc","chunk_label":"unnamed-chunk-10"},{"row":390,"row_count":1,"visible":true,"expansion_state":0,"options":{"engine":"r","label":"unnamed-chunk-17"},"document_id":"EB74B916","chunk_id":"c28epb5510ni3","chunk_label":"unnamed-chunk-11"},{"row":436,"row_count":1,"visible":true,"expansion_state":0,"options":{"engine":"r","label":"unnamed-chunk-18"},"document_id":"EB74B916","chunk_id":"chb4lm9s0qji6","chunk_label":"unnamed-chunk-12"},{"row":449,"row_count":1,"visible":true,"expansion_state":0,"options":{"engine":"r","label":"unnamed-chunk-19"},"document_id":"EB74B916","chunk_id":"ch3cgj4vqgmng","chunk_label":"unnamed-chunk-13"},{"row":483,"row_count":1,"visible":true,"expansion_state":0,"options":{"engine":"r","label":"unnamed-chunk-20"},"document_id":"EB74B916","chunk_id":"cvu7g4vsg80dx","chunk_label":"unnamed-chunk-14"},{"row":543,"row_count":1,"visible":true,"expansion_state":0,"options":{"engine":"Rcpp","label":"unnamed-chunk-21"},"document_id":"EB74B916","chunk_id":"cqs46ax0y6do1","chunk_label":"unnamed-chunk-15"},{"row":548,"row_count":1,"visible":true,"expansion_state":0,"options":{"engine":"r","label":"unnamed-chunk-23"},"document_id":"EB74B916","chunk_id":"c4a1pa12xybjc","chunk_label":"unnamed-chunk-16"},{"row":555,"row_count":1,"visible":true,"expansion_state":0,"options":{"engine":"r","label":"unnamed-chunk-24"},"document_id":"EB74B916","chunk_id":"cej4sd1f3g0ji","chunk_label":"unnamed-chunk-17"},{"row":576,"row_count":1,"visible":true,"expansion_state":0,"options":{"engine":"r","label":"unnamed-chunk-25"},"document_id":"EB74B916","chunk_id":"cwse8sx1gzdy9","chunk_label":"unnamed-chunk-18"},{"row":628,"row_count":1,"visible":true,"expansion_state":0,"options":{"engine":"r","label":"unnamed-chunk-26"},"document_id":"EB74B916","chunk_id":"carew3xkd2i3h","chunk_label":"unnamed-chunk-19"},{"row":648,"row_count":1,"visible":true,"expansion_state":0,"options":{"engine":"r","label":"unnamed-chunk-28"},"document_id":"EB74B916","chunk_id":"cr2to4oufn21c","chunk_label":"unnamed-chunk-20"},{"row":670,"row_count":1,"visible":true,"expansion_state":0,"options":{"engine":"r","label":"unnamed-chunk-29"},"document_id":"EB74B916","chunk_id":"cdxwst4as5s5x","chunk_label":"unnamed-chunk-21"},{"row":682,"row_count":1,"visible":true,"expansion_state":0,"options":{"engine":"r","label":"unnamed-chunk-30"},"document_id":"EB74B916","chunk_id":"cmv78t1j0fi6r","chunk_label":"unnamed-chunk-22"},{"row":698,"row_count":1,"visible":true,"expansion_state":0,"options":{"engine":"r","label":"unnamed-chunk-34"},"document_id":"EB74B916","chunk_id":"ci42h7659horo","chunk_label":"unnamed-chunk-24"},{"row":732,"row_count":1,"visible":true,"expansion_state":0,"options":{"engine":"r","label":"unnamed-chunk-39"},"document_id":"EB74B916","chunk_id":"c0rkvhnnjk7wc","chunk_label":"unnamed-chunk-25"},{"row":745,"row_count":1,"visible":true,"expansion_state":0,"options":{"engine":"r","label":"unnamed-chunk-40"},"document_id":"EB74B916","chunk_id":"cqnsjq4futz6i","chunk_label":"unnamed-chunk-26"},{"row":762,"row_count":1,"visible":true,"expansion_state":0,"options":{"engine":"r","label":"unnamed-chunk-41"},"document_id":"EB74B916","chunk_id":"c2nqflil16yl3","chunk_label":"unnamed-chunk-27"},{"row":770,"row_count":1,"visible":true,"expansion_state":0,"options":{"engine":"r","label":"unnamed-chunk-42"},"document_id":"EB74B916","chunk_id":"cs0unn95derq8","chunk_label":"unnamed-chunk-28"},{"row":776,"row_count":1,"visible":true,"expansion_state":0,"options":{"engine":"r","label":"unnamed-chunk-43"},"document_id":"EB74B916","chunk_id":"cs4gu7t5tl6rs","chunk_label":"unnamed-chunk-29"},{"row":787,"row_count":1,"visible":true,"expansion_state":0,"options":{"engine":"r","label":"unnamed-chunk-44"},"document_id":"EB74B916","chunk_id":"cupc9mqcjn3pc","chunk_label":"unnamed-chunk-30"},{"row":808,"row_count":1,"visible":true,"expansion_state":0,"options":{"engine":"r","label":"unnamed-chunk-45"},"document_id":"EB74B916","chunk_id":"c9xkvooyi0o9i","chunk_label":"unnamed-chunk-31"},{"row":827,"row_count":1,"visible":true,"expansion_state":0,"options":{"engine":"r","label":"unnamed-chunk-47"},"document_id":"EB74B916","chunk_id":"cts8z02iztfuu","chunk_label":"unnamed-chunk-32"},{"row":842,"row_count":1,"visible":true,"expansion_state":0,"options":{"engine":"r","label":"unnamed-chunk-48"},"document_id":"EB74B916","chunk_id":"chwv7qi1vxuhi","chunk_label":"unnamed-chunk-33"},{"row":862,"row_count":1,"visible":true,"expansion_state":0,"options":{"engine":"r","label":"unnamed-chunk-49"},"document_id":"EB74B916","chunk_id":"ckm3djm8bz3hy","chunk_label":"unnamed-chunk-34"}],"doc_write_time":1653995415}